anem_id,mlat,mlon
2309,10.74379316240625,124.78656725550624
2310,10.743568567566667,124.78650177363333
